{
  "main": {
    "id": "96f1ea38031c2c24",
    "type": "split",
    "children": [
      {
        "id": "26e8b997c935b15d",
        "type": "tabs",
        "children": [
          {
            "id": "3f4a9df936851aa6",
            "type": "leaf",
            "state": {
              "type": "markdown",
              "state": {
                "file": "belief.md",
                "mode": "source",
                "source": false
              },
              "icon": "lucide-file",
              "title": "belief"
            }
          },
          {
            "id": "4039bbb4a1aa7021",
            "type": "leaf",
            "state": {
              "type": "markdown",
              "state": {
                "file": "evidence.md",
                "mode": "source",
                "source": false
              },
              "icon": "lucide-file",
              "title": "evidence"
            }
          },
          {
            "id": "006a02509323e44d",
            "type": "leaf",
            "state": {
              "type": "markdown",
              "state": {
                "file": "likelihood.md",
                "mode": "source",
                "source": false
              },
              "icon": "lucide-file",
              "title": "likelihood"
            }
          },
          {
            "id": "2c8251d7d31b7eca",
            "type": "leaf",
            "state": {
              "type": "markdown",
              "state": {
                "file": "probability.md",
                "mode": "source",
                "source": false
              },
              "icon": "lucide-file",
              "title": "probability"
            }
          },
          {
            "id": "8603d09bdd66b2e0",
            "type": "leaf",
            "state": {
              "type": "markdown",
              "state": {
                "file": "DATA.md",
                "mode": "source",
                "source": false
              },
              "icon": "lucide-file",
              "title": "DATA"
            }
          },
          {
            "id": "ecb4298133cc7240",
            "type": "leaf",
            "state": {
              "type": "markdown",
              "state": {
                "file": "TRUTH.md",
                "mode": "source",
                "source": false
              },
              "icon": "lucide-file",
              "title": "TRUTH"
            }
          },
          {
            "id": "a280c986609eead0",
            "type": "leaf",
            "state": {
              "type": "markdown",
              "state": {
                "file": "DATA.md",
                "mode": "source",
                "source": false
              },
              "icon": "lucide-file",
              "title": "DATA"
            }
          },
          {
            "id": "73fb9ab936002e31",
            "type": "leaf",
            "state": {
              "type": "markdown",
              "state": {
                "file": "IDENTITY.md",
                "mode": "source",
                "source": false
              },
              "icon": "lucide-file",
              "title": "IDENTITY"
            }
          }
        ],
        "currentTab": 7
      },
      {
        "id": "01ddeaee2f3dec90",
        "type": "tabs",
        "children": [
          {
            "id": "c81648257e748215",
            "type": "leaf",
            "state": {
              "type": "graph",
              "state": {},
              "icon": "lucide-git-fork",
              "title": "Graph view"
            }
          }
        ]
      }
    ],
    "direction": "vertical"
  },
  "left": {
    "id": "beb20a5fcc30c3c9",
    "type": "split",
    "children": [
      {
        "id": "04c5b5515bfc8832",
        "type": "tabs",
        "children": [
          {
            "id": "4f407d002103a1cb",
            "type": "leaf",
            "state": {
              "type": "file-explorer",
              "state": {
                "sortOrder": "alphabetical",
                "autoReveal": false
              },
              "icon": "lucide-folder-closed",
              "title": "Files"
            }
          },
          {
            "id": "4ef06f3be853b6c0",
            "type": "leaf",
            "state": {
              "type": "search",
              "state": {
                "query": "",
                "matchingCase": false,
                "explainSearch": false,
                "collapseAll": false,
                "extraContext": false,
                "sortOrder": "alphabetical"
              },
              "icon": "lucide-search",
              "title": "Search"
            }
          },
          {
            "id": "4effbca8b6e47003",
            "type": "leaf",
            "state": {
              "type": "bookmarks",
              "state": {},
              "icon": "lucide-bookmark",
              "title": "Bookmarks"
            }
          }
        ]
      }
    ],
    "direction": "horizontal",
    "width": 300
  },
  "right": {
    "id": "e1ec922363168324",
    "type": "split",
    "children": [
      {
        "id": "c51f986c262b837a",
        "type": "tabs",
        "children": [
          {
            "id": "a8c785f932fa8b73",
            "type": "leaf",
            "state": {
              "type": "backlink",
              "state": {
                "file": "IDENTITY.md",
                "collapseAll": false,
                "extraContext": false,
                "sortOrder": "alphabetical",
                "showSearch": false,
                "searchQuery": "",
                "backlinkCollapsed": false,
                "unlinkedCollapsed": true
              },
              "icon": "links-coming-in",
              "title": "Backlinks for IDENTITY"
            }
          },
          {
            "id": "786f472dc6de0771",
            "type": "leaf",
            "state": {
              "type": "outgoing-link",
              "state": {
                "file": "IDENTITY.md",
                "linksCollapsed": false,
                "unlinkedCollapsed": true
              },
              "icon": "links-going-out",
              "title": "Outgoing links from IDENTITY"
            }
          },
          {
            "id": "fa2b27bc88f0b339",
            "type": "leaf",
            "state": {
              "type": "tag",
              "state": {
                "sortOrder": "frequency",
                "useHierarchy": true,
                "showSearch": false,
                "searchQuery": ""
              },
              "icon": "lucide-tags",
              "title": "Tags"
            }
          },
          {
            "id": "32cc5a1d12ccf350",
            "type": "leaf",
            "state": {
              "type": "all-properties",
              "state": {
                "sortOrder": "frequency",
                "showSearch": false,
                "searchQuery": ""
              },
              "icon": "lucide-archive",
              "title": "All properties"
            }
          },
          {
            "id": "b596f3b6a16605a4",
            "type": "leaf",
            "state": {
              "type": "outline",
              "state": {
                "file": "IDENTITY.md",
                "followCursor": false,
                "showSearch": false,
                "searchQuery": ""
              },
              "icon": "lucide-list",
              "title": "Outline of IDENTITY"
            }
          }
        ]
      }
    ],
    "direction": "horizontal",
    "width": 300,
    "collapsed": true
  },
  "left-ribbon": {
    "hiddenItems": {
      "switcher:Open quick switcher": false,
      "graph:Open graph view": false,
      "canvas:Create new canvas": false,
      "daily-notes:Open today's daily note": false,
      "templates:Insert template": false,
      "command-palette:Open command palette": false,
      "bases:Create new base": false
    }
  },
  "active": "73fb9ab936002e31",
  "lastOpenFiles": [
    "DATA.md",
    "IDENTITY.md",
    "TRUST.md",
    "TRUTH.md",
    "probability.md",
    "likelihood.md",
    "evidence.md",
    "belief.md",
    "Welcome.md"
  ]
}